First Name,Last Name
John,Allen
Ashley,Stevens
Sherri,Wells
Gina,Reynolds
Danielle,Perry
Brett,Maxwell
Carrie,Dalton
Kyle,Caldwell
Samantha,Scott
Kathleen,Love
Andrew,Jones
Dr.,Mark
Colin,Evans
Lindsey,Baker
Brian,Contreras
Michelle,Moore
Erica,Nichols
Erica,Gray
Kenneth,Thomas
Gary,Scott
Amber,Jones
Jaime,Bray
Stephanie,Clark
Brittany,Thomas
Ronald,Cook
Mr.,Robert
Sergio,Snyder
Yvonne,Reynolds
Tammy,Nelson
Patricia,Sanchez
Gabriel,Young
Ashley,Torres
Christine,Lee
Tina,Gallagher
Jennifer,Strickland
Gina,Taylor
Daniel,Boyd
Andrew,Wong
Steven,Williams
Pamela,Ortega
Andrew,Barber
Debra,Mercado
Jane,Garcia
Rachel,Jordan
James,Johnson
Tyler,Pearson
Chris,Vasquez
Nicholas,Harper
Mark,Chase
Elijah,Ryan
Adam,Parker
Carlos,Romero
James,Larsen
Adam,West
Matthew,Rodriguez
Jonathan,Ruiz
Edward,Bryant
Brian,Ward
Lori,Marsh
Peter,Campbell
Thomas,Bailey
Julia,Fuller
James,Wilson
Andrew,Oliver
Richard,Hooper
Rebecca,Mcmahon
Scott,Yu
Douglas,Bryant
Christopher,Sims
Norma,Kent
Amy,Anderson
Lisa,Sandoval
David,Hurst
Ryan,Jenkins
Eric,Morgan
Richard,Martin
Jeremy,Hall
Patrick,Myers
Aaron,Lowe
Haley,Gonzales
Sandra,Scott
Jennifer,Harrison
Michael,Moore
Diane,Adams
Chelsea,Murray
Chris,Nelson
Heather,Walsh
John,Perez
Carol,Robertson
Lindsey,Cowan
Matthew,Vasquez
Thomas,Francis
Ms.,Lisa
Kyle,Larson
Beth,Johnson
Michael,Gonzalez
Allen,Johnson
Kristen,Lopez
Victoria,Orr
Kimberly,Davenport
Nicholas,Salazar
Rhonda,Higgins
Jeremy,Brown
Jeffrey,Phillips
Jeffrey,Rodriguez
Sarah,Anderson
George,Glass
Claire,Ward
Crystal,Aguilar
Chad,Robinson
Edwin,Lucas
Elizabeth,Tucker
Jordan,Turner
Catherine,Hurst
David,Hood
Krista,Reed
Carlos,Vasquez
Penny,Jones
Jake,Foster
Mr.,Geoffrey
Paul,Perez
Dr.,Stephanie
Victoria,Smith
Natalie,Goodman
Charles,Torres
Kathleen,Campbell
Carlos,Miles
Jack,Smith
Barbara,Le
Kimberly,Chandler
William,Coffey
Dr.,Edward
Ronald,Randall
Bryan,Lowe
Rachel,Massey
Jennifer,Levine
Kenneth,Holder
Helen,Graham
Cynthia,Nguyen
Richard,Tate
Amy,Bryan
Kyle,Grant
Warren,Nichols
Joshua,Dudley
Adam,Farrell
Timothy,Barry
Jennifer,Fox
Melissa,Guerrero
Kelly,Hines
Andrea,Butler
Michael,Tucker
Jeremy,English
Jaime,Nguyen
Melanie,Smith
Anthony,Day
George,Smith
Thomas,Proctor
Sara,Myers
Heather,Estrada
Susan,Sanchez
Hector,Walters
Destiny,Hall
Katrina,Acosta
Jonathan,Horton
Robert,Price
Sara,Stone
Taylor,Chen
Richard,Garcia
Kimberly,Tapia
Lisa,Newman
Nicholas,Sanchez
Victoria,Cooper
Daniel,Williams
Lori,Garcia
Andrew,Rosales
Jo,Carter
Heather,Kelley
Daniel,Barnett
Joseph,Wiggins
Yvonne,Olson
Rachael,Silva
Donald,Chen
Janet,Yang
Katherine,Garrett
Karen,Cook
Deborah,Harrington
Steven,Allen
Ethan,Smith
Michael,Allen
Mr.,Francis
Thomas,Blair
Alan,Smith
Terri,Stokes
Stephanie,Gutierrez
Philip,Valenzuela
Teresa,Mosley
Kathryn,Cox
Sarah,Perez
Margaret,Bailey
Anna,Jones
